interphone,interphone1,c5bcac5e7582dc_2018.10.20.07.59.28.wav,interphone1
interphone,interphone2,c5bcac5e7582dc_2018.10.20.08.08.39.wav,interphone2
,,c5bcac5e7582dc_2018.10.20.08.08.39.mp3,
,,.DS_Store,
interphone,tabata,yoda.wav,
interphone,nishii,takana.wav,
interphone,narita1,narita1.wav,
interphone,narita2,narita2.wav,
interphone,suzuki1,03_suzuki.wav,
interphone,suzuki2,01_suzuki.wav,
interphone,suzuki3,04_suzuki.wav,
interphone,suzuki4,02_suzuki.wav,
interphone,suzuki5,05_suzuki.wav,
interphone,gennma,oshin.wav,
interphone,interphone1_2,c5bcac5e7582dc_2018.10.20.08.08.39_2.wav,
interphone,interphone1_3,c5bcac5e7582dc_2018.10.20.08.08.39_3.wav,
interphone,interphone2_2,c5bcac5e7582dc_2018.10.20.07.59.28_2.wav,
interphone,interphone2_3,c5bcac5e7582dc_2018.10.20.07.59.28_3.wav,
